{
  "Linear Regression": 0.23933680942456118,
  "Random Forest": 0.3747744901753389,
  "XGBoost": 0.3858887004001
}